-- MySQL dump 10.13  Distrib 8.4.10, for Linux (x86_64)
--
-- Host: localhost    Database: blog
-- ------------------------------------------------------
-- Server version	8.4.10-0ubuntu0.26.04.1

/*!40101 SET @OLD_CHARACTER_SET_CLIENT=@@CHARACTER_SET_CLIENT */;
/*!40101 SET @OLD_CHARACTER_SET_RESULTS=@@CHARACTER_SET_RESULTS */;
/*!40101 SET @OLD_COLLATION_CONNECTION=@@COLLATION_CONNECTION */;
/*!50503 SET NAMES utf8mb4 */;
/*!40103 SET @OLD_TIME_ZONE=@@TIME_ZONE */;
/*!40103 SET TIME_ZONE='+00:00' */;
/*!40014 SET @OLD_UNIQUE_CHECKS=@@UNIQUE_CHECKS, UNIQUE_CHECKS=0 */;
/*!40014 SET @OLD_FOREIGN_KEY_CHECKS=@@FOREIGN_KEY_CHECKS, FOREIGN_KEY_CHECKS=0 */;
/*!40101 SET @OLD_SQL_MODE=@@SQL_MODE, SQL_MODE='NO_AUTO_VALUE_ON_ZERO' */;
/*!40111 SET @OLD_SQL_NOTES=@@SQL_NOTES, SQL_NOTES=0 */;

--
-- Table structure for table `article_tags`
--

DROP TABLE IF EXISTS `article_tags`;
/*!40101 SET @saved_cs_client     = @@character_set_client */;
/*!50503 SET character_set_client = utf8mb4 */;
CREATE TABLE `article_tags` (
  `article_id` int NOT NULL,
  `tag_id` int NOT NULL,
  PRIMARY KEY (`article_id`,`tag_id`),
  KEY `tag_id` (`tag_id`),
  CONSTRAINT `article_tags_ibfk_1` FOREIGN KEY (`article_id`) REFERENCES `articles` (`id`),
  CONSTRAINT `article_tags_ibfk_2` FOREIGN KEY (`tag_id`) REFERENCES `tags` (`id`)
) ENGINE=InnoDB DEFAULT CHARSET=utf8mb4 COLLATE=utf8mb4_0900_ai_ci;
/*!40101 SET character_set_client = @saved_cs_client */;

--
-- Dumping data for table `article_tags`
--

LOCK TABLES `article_tags` WRITE;
/*!40000 ALTER TABLE `article_tags` DISABLE KEYS */;
INSERT INTO `article_tags` VALUES (5,1),(6,2),(7,2),(5,3),(8,4),(6,5);
/*!40000 ALTER TABLE `article_tags` ENABLE KEYS */;
UNLOCK TABLES;

--
-- Table structure for table `articles`
--

DROP TABLE IF EXISTS `articles`;
/*!40101 SET @saved_cs_client     = @@character_set_client */;
/*!50503 SET character_set_client = utf8mb4 */;
CREATE TABLE `articles` (
  `id` int NOT NULL AUTO_INCREMENT,
  `title` varchar(200) NOT NULL,
  `content` text NOT NULL,
  `user_id` int NOT NULL,
  `category_id` int NOT NULL,
  `created_at` timestamp NULL DEFAULT CURRENT_TIMESTAMP,
  PRIMARY KEY (`id`),
  KEY `idx_articles_user_id` (`user_id`),
  KEY `idx_articles_category_id` (`category_id`),
  CONSTRAINT `articles_ibfk_1` FOREIGN KEY (`user_id`) REFERENCES `users` (`id`),
  CONSTRAINT `articles_ibfk_2` FOREIGN KEY (`category_id`) REFERENCES `categories` (`id`)
) ENGINE=InnoDB AUTO_INCREMENT=9 DEFAULT CHARSET=utf8mb4 COLLATE=utf8mb4_0900_ai_ci;
/*!40101 SET character_set_client = @saved_cs_client */;

--
-- Dumping data for table `articles`
--

LOCK TABLES `articles` WRITE;
/*!40000 ALTER TABLE `articles` DISABLE KEYS */;
INSERT INTO `articles` VALUES (5,'Wprowadzenie do Linuxa','Linux to system operacyjny...',1,2,'2026-07-14 15:51:07'),(6,'Docker dla poczńÖtkujńÖcych','Docker to narzńôdzie...',2,3,'2026-07-14 15:51:07'),(7,'Git Flow w praktyce','Git Flow to strategia...',1,3,'2026-07-14 15:51:07'),(8,'Podstawy MySQL','MySQL to baza danych...',3,1,'2026-07-14 15:51:07');
/*!40000 ALTER TABLE `articles` ENABLE KEYS */;
UNLOCK TABLES;

--
-- Temporary view structure for view `articles_with_comments`
--

DROP TABLE IF EXISTS `articles_with_comments`;
/*!50001 DROP VIEW IF EXISTS `articles_with_comments`*/;
SET @saved_cs_client     = @@character_set_client;
/*!50503 SET character_set_client = utf8mb4 */;
/*!50001 CREATE VIEW `articles_with_comments` AS SELECT 
 1 AS `title`,
 1 AS `username`,
 1 AS `liczba_komentarzy`*/;
SET character_set_client = @saved_cs_client;

--
-- Table structure for table `categories`
--

DROP TABLE IF EXISTS `categories`;
/*!40101 SET @saved_cs_client     = @@character_set_client */;
/*!50503 SET character_set_client = utf8mb4 */;
CREATE TABLE `categories` (
  `id` int NOT NULL AUTO_INCREMENT,
  `name` varchar(100) NOT NULL,
  `description` text,
  PRIMARY KEY (`id`),
  UNIQUE KEY `name` (`name`)
) ENGINE=InnoDB AUTO_INCREMENT=4 DEFAULT CHARSET=utf8mb4 COLLATE=utf8mb4_0900_ai_ci;
/*!40101 SET character_set_client = @saved_cs_client */;

--
-- Dumping data for table `categories`
--

LOCK TABLES `categories` WRITE;
/*!40000 ALTER TABLE `categories` DISABLE KEYS */;
INSERT INTO `categories` VALUES (1,'Technologia','ArtykuŇāy o technologii i IT'),(2,'Linux','ArtykuŇāy o systemie Linux'),(3,'DevOps','ArtykuŇāy o DevOps i automatyzacji');
/*!40000 ALTER TABLE `categories` ENABLE KEYS */;
UNLOCK TABLES;

--
-- Table structure for table `comments`
--

DROP TABLE IF EXISTS `comments`;
/*!40101 SET @saved_cs_client     = @@character_set_client */;
/*!50503 SET character_set_client = utf8mb4 */;
CREATE TABLE `comments` (
  `id` int NOT NULL AUTO_INCREMENT,
  `content` text NOT NULL,
  `user_id` int NOT NULL,
  `article_id` int NOT NULL,
  `created_at` timestamp NULL DEFAULT CURRENT_TIMESTAMP,
  PRIMARY KEY (`id`),
  KEY `user_id` (`user_id`),
  KEY `idx_comments_article_id` (`article_id`),
  CONSTRAINT `comments_ibfk_1` FOREIGN KEY (`user_id`) REFERENCES `users` (`id`),
  CONSTRAINT `comments_ibfk_2` FOREIGN KEY (`article_id`) REFERENCES `articles` (`id`)
) ENGINE=InnoDB AUTO_INCREMENT=5 DEFAULT CHARSET=utf8mb4 COLLATE=utf8mb4_0900_ai_ci;
/*!40101 SET character_set_client = @saved_cs_client */;

--
-- Dumping data for table `comments`
--

LOCK TABLES `comments` WRITE;
/*!40000 ALTER TABLE `comments` DISABLE KEYS */;
INSERT INTO `comments` VALUES (1,'Ňöwietny artykuŇā!',2,5,'2026-07-14 15:51:51'),(2,'Bardzo pomocne, dzińôkujńô!',3,5,'2026-07-14 15:51:51'),(3,'Polecam kaŇľdemu!',1,6,'2026-07-14 15:51:51'),(4,'Czekam na wińôcej!',2,7,'2026-07-14 15:51:51');
/*!40000 ALTER TABLE `comments` ENABLE KEYS */;
UNLOCK TABLES;

--
-- Table structure for table `tags`
--

DROP TABLE IF EXISTS `tags`;
/*!40101 SET @saved_cs_client     = @@character_set_client */;
/*!50503 SET character_set_client = utf8mb4 */;
CREATE TABLE `tags` (
  `id` int NOT NULL AUTO_INCREMENT,
  `name` varchar(50) NOT NULL,
  PRIMARY KEY (`id`),
  UNIQUE KEY `name` (`name`)
) ENGINE=InnoDB AUTO_INCREMENT=7 DEFAULT CHARSET=utf8mb4 COLLATE=utf8mb4_0900_ai_ci;
/*!40101 SET character_set_client = @saved_cs_client */;

--
-- Dumping data for table `tags`
--

LOCK TABLES `tags` WRITE;
/*!40000 ALTER TABLE `tags` DISABLE KEYS */;
INSERT INTO `tags` VALUES (3,'bash'),(2,'devops'),(5,'docker'),(6,'kubernetes'),(1,'linux'),(4,'mysql');
/*!40000 ALTER TABLE `tags` ENABLE KEYS */;
UNLOCK TABLES;

--
-- Table structure for table `users`
--

DROP TABLE IF EXISTS `users`;
/*!40101 SET @saved_cs_client     = @@character_set_client */;
/*!50503 SET character_set_client = utf8mb4 */;
CREATE TABLE `users` (
  `id` int NOT NULL AUTO_INCREMENT,
  `username` varchar(50) NOT NULL,
  `email` varchar(100) NOT NULL,
  `password` varchar(255) NOT NULL,
  `created_at` timestamp NULL DEFAULT CURRENT_TIMESTAMP,
  PRIMARY KEY (`id`),
  UNIQUE KEY `email` (`email`)
) ENGINE=InnoDB AUTO_INCREMENT=4 DEFAULT CHARSET=utf8mb4 COLLATE=utf8mb4_0900_ai_ci;
/*!40101 SET character_set_client = @saved_cs_client */;

--
-- Dumping data for table `users`
--

LOCK TABLES `users` WRITE;
/*!40000 ALTER TABLE `users` DISABLE KEYS */;
INSERT INTO `users` VALUES (1,'jan_kowalski','jan@blog.com','haslo123','2026-07-14 15:45:22'),(2,'anna_nowak','anna@blog.com','haslo456','2026-07-14 15:45:22'),(3,'piotr_wisniewski','piotr@blog.com','haslo789','2026-07-14 15:45:22');
/*!40000 ALTER TABLE `users` ENABLE KEYS */;
UNLOCK TABLES;

--
-- Final view structure for view `articles_with_comments`
--

/*!50001 DROP VIEW IF EXISTS `articles_with_comments`*/;
/*!50001 SET @saved_cs_client          = @@character_set_client */;
/*!50001 SET @saved_cs_results         = @@character_set_results */;
/*!50001 SET @saved_col_connection     = @@collation_connection */;
/*!50001 SET character_set_client      = utf8mb4 */;
/*!50001 SET character_set_results     = utf8mb4 */;
/*!50001 SET collation_connection      = utf8mb4_0900_ai_ci */;
/*!50001 CREATE ALGORITHM=UNDEFINED */
/*!50013 DEFINER=`root`@`localhost` SQL SECURITY DEFINER */
/*!50001 VIEW `articles_with_comments` AS select `articles`.`title` AS `title`,`users`.`username` AS `username`,count(`comments`.`id`) AS `liczba_komentarzy` from ((`articles` join `users` on((`articles`.`user_id` = `users`.`id`))) left join `comments` on((`articles`.`id` = `comments`.`article_id`))) group by `articles`.`id`,`articles`.`title`,`users`.`username` */;
/*!50001 SET character_set_client      = @saved_cs_client */;
/*!50001 SET character_set_results     = @saved_cs_results */;
/*!50001 SET collation_connection      = @saved_col_connection */;
/*!40103 SET TIME_ZONE=@OLD_TIME_ZONE */;

/*!40101 SET SQL_MODE=@OLD_SQL_MODE */;
/*!40014 SET FOREIGN_KEY_CHECKS=@OLD_FOREIGN_KEY_CHECKS */;
/*!40014 SET UNIQUE_CHECKS=@OLD_UNIQUE_CHECKS */;
/*!40101 SET CHARACTER_SET_CLIENT=@OLD_CHARACTER_SET_CLIENT */;
/*!40101 SET CHARACTER_SET_RESULTS=@OLD_CHARACTER_SET_RESULTS */;
/*!40101 SET COLLATION_CONNECTION=@OLD_COLLATION_CONNECTION */;
/*!40111 SET SQL_NOTES=@OLD_SQL_NOTES */;

-- Dump completed on 2026-07-16 16:38:10
